﻿ردیف,اسم/ID,جنسیت,رشته,شهر,بیماری خاص,نوع پدیده,قد (cm),وزن (kg),شاخص توده بدنی (BMI),فشار خون سیستولیک,فشار خون دیاستولیک,قند خون ناشتا,تعداد قدم روزانه,ساعت خواب,مصرف آب روزانه (لیتر),زمان کار با لپ‌تاپ (ساعت),تعداد دفعات ورزش در هفته,ضربان قلب استراحت,سطح استرس,امتیاز تمرکز
1,علی حسینی,مونث,مهندسی برق,مشهد,فشار خون,نوع C,165.4,79.4,29.02,109,82,87,18631,4.2,0.7,9,6,54,6,81
2,نازنین حیدری,مونث,مهندسی برق,مشهد,دیابت,نوع C,140.7,95.8,48.39,111,66,183,13795,3.2,2.9,7.6,6,56,10,70
3,نازنین حسینی,مونث,هوش مصنوعی,اصفهان,قلبی,نوع A,152.3,52.7,22.72,158,74,197,17836,4.1,4.2,0.9,3,53,8,96
4,نگین مرادی,مذکر,مهندسی برق,تبریز,فشار خون,نوع B,175.9,96.1,31.06,101,93,143,6782,9.3,0.6,8,5,100,8,72
5,حسین احمدی,مذکر,مهندسی نرم‌افزار,اصفهان,دیابت,نوع B,162.1,97,36.92,160,80,163,812,4.1,5,7,2,93,7,1
6,محمد رستمی,مونث,مهندسی برق,تبریز,قلبی,نوع A,168.1,116.5,41.23,145,70,152,6303,7.7,1.1,5.6,4,90,1,71
7,رضا کریمی,مذکر,علوم داده,ارومیه,قلبی,نوع B,163.4,41.7,15.62,159,73,105,13063,4.4,1.1,6,4,55,9,19
8,نازنین شریفی,مونث,فناوری اطلاعات,تبریز,قلبی,نوع A,173.7,114.2,37.85,140,81,173,17430,7.6,4.8,0.7,7,65,8,61
9,سارا مرادی,مونث,مهندسی برق,شیراز,ندارد,نوع C,198.3,108.9,27.69,140,93,72,11334,5.5,3.7,8,2,95,0,75
10,محمد شریفی,مونث,علوم داده,تهران,دیابت,نوع C,188.6,117.6,33.06,118,61,187,4391,8.7,0.9,7.3,2,66,7,15
11,علی نوروزی,مونث,علوم داده,اهواز,ندارد,نوع B,145.8,58,27.28,129,62,140,19011,4.1,1.4,0.7,4,54,6,75
12,رضا نوروزی,مونث,فناوری اطلاعات,تبریز,فشار خون,نوع B,161.5,109.3,41.91,95,63,147,15360,9,3.2,2.1,4,52,8,12
13,رضا مرادی,مونث,فناوری اطلاعات,اهواز,آسم,نوع B,156.1,94,38.58,133,87,98,14544,8.1,4.1,10.8,0,95,9,63
14,مهدی مرادی,مذکر,مهندسی برق,اهواز,قلبی,نوع C,166,66,23.95,108,73,116,31,5.6,4.5,2.2,2,75,5,61
15,علی مرادی,مونث,فناوری اطلاعات,تبریز,دیابت,نوع B,166.3,97.1,35.11,159,96,101,12995,9.2,3.2,11,5,53,1,15
16,محمد حیدری,مذکر,علوم داده,تهران,آسم,نوع A,145.6,48.4,22.83,140,94,180,18722,4.3,3.5,7.7,0,78,5,74
17,رضا حیدری,مونث,مهندسی نرم‌افزار,شیراز,ندارد,نوع A,172.9,65.4,21.88,102,77,124,4717,6.5,4.4,9.1,0,100,10,86
18,فاطمه نوروزی,مذکر,مهندسی نرم‌افزار,مشهد,فشار خون,نوع C,194.5,88.5,23.39,155,84,112,2770,6.2,0.5,10.3,5,64,7,90
19,رضا مرادی,مونث,فناوری اطلاعات,رشت,ندارد,نوع A,186.3,85.4,24.61,155,67,189,14295,8.9,3.7,0.3,6,54,4,46
20,علی شریفی,مذکر,فناوری اطلاعات,تبریز,آسم,نوع A,179,91.6,28.59,114,84,192,10313,4,2.7,9.3,5,93,7,47
21,محمد عبدی,مونث,مهندسی نرم‌افزار,اصفهان,آسم,نوع B,152.6,96.9,41.61,106,66,175,13757,3,4.1,3.7,0,97,2,18
22,مهدی رستمی,مونث,مهندسی نرم‌افزار,شیراز,قلبی,نوع B,155.3,50.6,20.98,101,70,181,2495,5,4.8,8.3,1,71,10,75
23,نگین حسینی,مذکر,مهندسی برق,رشت,قلبی,نوع C,158.1,73.2,29.29,108,65,179,9113,9.2,3,4.2,3,84,1,42
24,مهدی قاسمی,مونث,علوم داده,ارومیه,ندارد,نوع B,140.9,64.7,32.59,159,60,110,15309,7.8,3.2,1.7,6,66,9,37
25,علی عبدی,مونث,علوم داده,تهران,ندارد,نوع C,171.5,80,27.2,97,95,185,1052,5.7,4.3,1.8,3,80,3,98
26,حسین نوروزی,مونث,مهندسی برق,مشهد,آسم,نوع C,151.6,118.5,51.56,119,88,71,7943,5.5,4.5,4.4,5,64,8,27
27,فاطمه مرادی,مذکر,هوش مصنوعی,مشهد,دیابت,نوع C,168.4,102,35.97,110,67,98,11576,7.1,4.3,2.3,3,82,4,19
28,نگین کریمی,مونث,علوم داده,رشت,فشار خون,نوع A,178,63.4,20.01,156,100,142,2361,3.3,3.8,11.4,2,70,7,32
29,محمد حسینی,مونث,علوم داده,تهران,آسم,نوع B,143.7,101.8,49.3,100,96,149,19035,3.3,3.5,9.3,4,82,10,27
30,سارا نوروزی,مذکر,هوش مصنوعی,تهران,دیابت,نوع C,174.8,51.1,16.72,112,61,171,17275,3.1,3,4.3,3,50,1,67
31,علی کریمی,مونث,هوش مصنوعی,اصفهان,ندارد,نوع C,171.9,94.5,31.98,103,67,101,19244,7.5,3.7,7.8,4,69,3,77
32,حسین مرادی,مونث,علوم داده,رشت,فشار خون,نوع C,158.8,74.1,29.38,90,69,112,8380,5.9,3.1,1.7,7,95,8,9
33,زهرا مرادی,مذکر,هوش مصنوعی,تهران,ندارد,نوع C,159.7,70.2,27.52,123,91,191,388,5,1.9,2.1,3,62,0,57
34,حسین حیدری,مونث,فناوری اطلاعات,رشت,فشار خون,نوع A,146,69,32.37,155,100,83,4247,6.5,3.8,9.3,2,92,5,13
35,نازنین نوروزی,مذکر,فناوری اطلاعات,اصفهان,فشار خون,نوع C,151.7,63.3,27.51,103,93,121,396,4.1,2.8,9.3,2,73,9,10
36,مهدی حسینی,مذکر,مهندسی برق,تهران,قلبی,نوع A,197.2,59,15.17,118,85,152,11685,8.6,3.6,8.9,0,83,10,70
37,حسین نوروزی,مونث,مهندسی نرم‌افزار,شیراز,ندارد,نوع A,169.9,70.3,24.35,105,100,160,12916,6.8,4.4,0.4,2,70,6,85
38,رضا حسینی,مذکر,علوم داده,اهواز,فشار خون,نوع A,160.2,83.7,32.61,124,92,98,2435,9.4,4.2,5.6,4,55,0,18
39,نازنین عبدی,مونث,فناوری اطلاعات,تبریز,ندارد,نوع C,166.8,75.7,27.21,141,88,105,13867,5.6,4.8,0.1,4,58,3,26
40,نگین عبدی,مونث,هوش مصنوعی,مشهد,دیابت,نوع C,145.7,54,25.44,141,75,119,13474,8.6,3.2,6.6,4,90,7,25
41,زهرا عبدی,مونث,مهندسی نرم‌افزار,تهران,فشار خون,نوع C,140.8,73.2,36.92,157,96,80,19032,9.9,0.5,0.7,2,66,1,49
42,سارا رستمی,مونث,هوش مصنوعی,ارومیه,فشار خون,نوع C,150.5,49.7,21.94,158,89,192,2424,5.9,5,1.4,2,50,0,83
43,حسین قاسمی,مذکر,علوم داده,اهواز,آسم,نوع A,170.4,86,29.62,157,75,81,11096,6.6,4.9,3.2,4,81,10,80
44,رضا حسینی,مذکر,هوش مصنوعی,رشت,قلبی,نوع B,165.2,80.3,29.42,146,96,180,19159,4.6,0.8,0.4,1,84,9,100
45,زهرا حیدری,مونث,مهندسی برق,شیراز,فشار خون,نوع B,165.1,55.2,20.25,146,75,171,18215,5.8,2,4.2,7,59,0,33
46,محمد قاسمی,مذکر,علوم داده,شیراز,دیابت,نوع B,153.5,118.4,50.25,152,75,125,13064,7.9,4.2,3.1,3,60,3,26
47,سارا حیدری,مذکر,فناوری اطلاعات,مشهد,فشار خون,نوع C,144.5,119.7,57.33,104,84,156,9176,7,2,8.1,7,88,8,11
48,محمد مرادی,مذکر,مهندسی برق,رشت,فشار خون,نوع B,148.9,115.1,51.91,130,90,190,4794,5.4,2.3,4.5,5,77,3,38
49,فاطمه قاسمی,مذکر,هوش مصنوعی,تهران,آسم,نوع A,160.4,87.8,34.13,143,74,182,15189,9.2,0.8,3.7,5,52,6,76
50,نازنین حیدری,مونث,فناوری اطلاعات,تبریز,قلبی,نوع B,174.7,117.3,38.43,152,86,132,1752,6.7,2.7,4.7,5,86,7,20
51,رضا احمدی,مونث,مهندسی نرم‌افزار,اصفهان,ندارد,نوع A,166.1,98.8,35.81,91,89,164,5590,4.8,0.6,5.3,6,65,10,34
52,حسین مرادی,مونث,هوش مصنوعی,رشت,ندارد,نوع C,197.9,57.9,14.78,120,90,134,15415,4.5,4,3.1,5,97,9,77
53,مهدی مرادی,مونث,فناوری اطلاعات,رشت,فشار خون,نوع B,177.2,51.5,16.4,128,60,141,10209,8.1,2.3,2.7,1,88,0,70
54,محمد قاسمی,مونث,علوم داده,شیراز,دیابت,نوع B,165.4,87.8,32.09,150,87,96,6109,6.1,1.1,10.7,1,96,10,45
55,زهرا عبدی,مذکر,هوش مصنوعی,شیراز,آسم,نوع A,148.7,82.8,37.45,143,74,74,10311,9.6,1.4,0.3,4,74,2,87
56,سارا مرادی,مونث,علوم داده,اصفهان,فشار خون,نوع C,151.7,118.2,51.36,149,70,163,10896,9.3,4,5.3,0,63,10,75
57,زهرا حسینی,مونث,مهندسی برق,اهواز,دیابت,نوع B,157.9,45.9,18.41,108,100,153,4912,4.2,3.6,9,0,94,4,56
58,رضا مرادی,مونث,علوم داده,رشت,فشار خون,نوع B,160.9,55.4,21.4,133,68,196,8843,4.8,1.3,2.6,0,56,0,37
59,نگین کریمی,مذکر,فناوری اطلاعات,رشت,قلبی,نوع B,187.9,57.1,16.17,114,74,139,815,3.6,4.2,8.2,0,66,1,89
60,نگین نوروزی,مونث,هوش مصنوعی,ارومیه,آسم,نوع A,195,70.5,18.54,91,84,86,15827,9,2,5.1,2,61,7,32
61,علی احمدی,مونث,هوش مصنوعی,ارومیه,قلبی,نوع B,158.2,89.1,35.6,130,80,82,3741,7,2,6.8,4,55,9,72
62,مهدی احمدی,مونث,هوش مصنوعی,اصفهان,دیابت,نوع A,159.5,107.1,42.1,103,60,133,11657,7.2,3.6,10.9,1,73,0,29
63,زهرا حیدری,مونث,مهندسی نرم‌افزار,تبریز,فشار خون,نوع A,189,104.7,29.31,93,96,164,3335,5,0.7,10.5,4,64,9,97
64,حسین قاسمی,مونث,فناوری اطلاعات,تهران,دیابت,نوع A,178.5,113.2,35.53,124,60,194,4735,6.8,4.4,4.7,1,57,10,63
65,محمد مرادی,مذکر,علوم داده,اهواز,قلبی,نوع B,168.2,88,31.11,116,94,168,7279,9.1,1.8,6,4,68,9,33
66,نازنین شریفی,مذکر,مهندسی نرم‌افزار,اهواز,فشار خون,نوع B,144.9,62.6,29.82,148,66,113,18957,4.1,1.3,6.4,7,53,7,55
67,محمد رستمی,مونث,مهندسی نرم‌افزار,تهران,آسم,نوع A,176.8,72.3,23.13,116,70,118,14448,4.9,2.6,11.5,1,50,7,47
68,نگین قاسمی,مونث,هوش مصنوعی,ارومیه,دیابت,نوع A,141.3,111.6,55.9,146,82,169,16018,9.5,4.9,5.5,7,76,8,25
69,علی عبدی,مذکر,مهندسی برق,تبریز,قلبی,نوع B,185.2,93.2,27.17,129,80,88,2754,8.8,2.6,3.6,7,93,8,64
70,حسین عبدی,مذکر,مهندسی برق,اهواز,دیابت,نوع A,144.5,94,45.02,135,98,131,12086,3,4.9,9.1,5,87,6,88
71,سارا حیدری,مذکر,هوش مصنوعی,تهران,آسم,نوع A,154.8,117,48.83,109,62,181,15304,7.3,3.5,5.1,7,74,9,4
72,فاطمه احمدی,مونث,مهندسی نرم‌افزار,مشهد,ندارد,نوع A,170.2,85.3,29.45,114,70,107,6720,5.3,2.3,1.1,6,50,8,49
73,فاطمه حسینی,مذکر,هوش مصنوعی,مشهد,ندارد,نوع B,170.5,51.3,17.65,95,69,81,17626,3.8,0.7,10.9,2,76,3,44
74,زهرا نوروزی,مذکر,مهندسی نرم‌افزار,مشهد,آسم,نوع C,143.4,98.3,47.8,107,69,179,2554,9,3,0.4,1,63,1,20
75,نازنین عبدی,مونث,هوش مصنوعی,تهران,ندارد,نوع B,185.2,49,14.29,152,73,126,6892,7.3,4.7,1.1,4,86,7,99
76,محمد شریفی,مذکر,مهندسی برق,شیراز,قلبی,نوع A,198.3,63.8,16.22,131,97,154,10961,4.1,3.1,5.6,6,53,0,38
77,رضا نوروزی,مذکر,مهندسی برق,تبریز,دیابت,نوع B,160.9,47.2,18.23,137,99,171,19486,8.2,3,1.8,3,89,6,36
78,علی شریفی,مذکر,مهندسی نرم‌افزار,تبریز,فشار خون,نوع C,142,104.4,51.78,136,100,184,15355,3.9,3.1,9.6,0,84,0,24
79,علی احمدی,مونث,فناوری اطلاعات,تبریز,ندارد,نوع A,193.5,74.9,20,93,68,105,17076,6,3.1,1.3,2,63,0,4
80,محمد مرادی,مذکر,علوم داده,اصفهان,آسم,نوع A,165.6,65.9,24.03,135,96,200,17476,9.4,2.5,7.9,5,72,10,74
81,سارا نوروزی,مونث,هوش مصنوعی,تهران,آسم,نوع B,166.6,98.8,35.6,145,70,99,16990,7.5,1.9,1,0,84,6,18
82,زهرا کریمی,مونث,هوش مصنوعی,شیراز,آسم,نوع A,155.1,114.1,47.43,101,90,192,12855,9.3,4.8,7.1,7,66,9,39
83,نازنین عبدی,مونث,هوش مصنوعی,مشهد,فشار خون,نوع C,149.9,71.9,32,126,61,177,18735,8.9,1.3,7.5,6,64,10,15
84,نگین احمدی,مونث,فناوری اطلاعات,اصفهان,آسم,نوع B,156,62.7,25.76,145,89,144,10159,3.7,3.7,5.1,2,83,6,65
85,حسین حسینی,مذکر,هوش مصنوعی,تبریز,آسم,نوع A,143.6,60.5,29.34,136,98,106,17605,3.9,1,4,0,87,6,96
86,علی عبدی,مذکر,هوش مصنوعی,مشهد,قلبی,نوع C,184.1,48.2,14.22,109,82,187,17002,7.1,1.9,5.7,7,62,0,39
87,محمد احمدی,مذکر,مهندسی برق,مشهد,آسم,نوع A,176.1,103.9,33.5,138,74,124,3094,5.6,1.7,4.1,7,59,2,42
88,حسین احمدی,مذکر,مهندسی نرم‌افزار,اهواز,ندارد,نوع C,188.7,81.1,22.78,137,70,152,9043,7.2,4,8.9,3,92,5,18
89,سارا رستمی,مذکر,هوش مصنوعی,تبریز,دیابت,نوع C,161.7,57.4,21.95,129,74,75,1728,3.9,3.2,9.5,7,50,5,55
90,علی عبدی,مونث,مهندسی نرم‌افزار,مشهد,دیابت,نوع B,169.7,100.2,34.79,124,84,178,15361,10,1.7,2.2,3,78,10,71
91,محمد کریمی,مونث,علوم داده,تهران,فشار خون,نوع C,148.9,95.8,43.21,119,64,168,14689,4,4.1,5.3,5,50,5,55
92,مهدی عبدی,مذکر,هوش مصنوعی,مشهد,فشار خون,نوع C,194.4,93,24.61,136,72,109,19163,9.9,3.3,4.3,6,71,8,31
93,محمد قاسمی,مذکر,هوش مصنوعی,شیراز,ندارد,نوع A,189.1,62.3,17.42,111,84,192,19677,5.8,2.2,0.1,7,58,5,44
94,نازنین احمدی,مذکر,فناوری اطلاعات,شیراز,فشار خون,نوع C,195,56.5,14.86,118,81,124,12831,3.3,1.3,8.8,3,55,3,95
95,نگین عبدی,مونث,هوش مصنوعی,اهواز,قلبی,نوع A,197.7,104.4,26.71,124,82,198,9624,6.2,3.4,7.3,0,56,3,37
96,علی احمدی,مذکر,علوم داده,ارومیه,فشار خون,نوع A,161.3,100,38.44,130,98,73,928,7.7,4,0.7,6,71,4,33
97,مهدی مرادی,مونث,علوم داده,مشهد,ندارد,نوع A,188.3,67.6,19.07,141,94,198,2055,6.3,2.2,5.1,4,59,5,49
98,نازنین شریفی,مذکر,علوم داده,مشهد,فشار خون,نوع A,184,60.3,17.81,96,73,161,14469,4.6,4.2,11.2,1,100,10,31
99,حسین نوروزی,مونث,هوش مصنوعی,مشهد,قلبی,نوع B,170.7,109.2,37.48,96,94,106,14447,9.4,3,11.5,2,59,1,99
100,سارا رستمی,مذکر,مهندسی نرم‌افزار,شیراز,ندارد,نوع C,166.4,112.1,40.49,147,96,70,4406,7.8,1.1,9.4,7,82,5,65
